bucket_id,bucket_label,n_items,example_question,median_similarity
76,"email, ironscales, suspicious, emails",27,Why might a malicious email not be automatically detected or remediated by IronScales upon arrival?,0.8022
107,"ironscales, tenant, dashboard, request",21,How can I request the deletion of a tenant from my Ironscales account or partner dashboard?,0.8577
7,"spam, adaptive, ai, hygiene",21,What is Adaptive AI Spam Hygiene and how do I enable it to improve spam detection?,0.8407
35,"ironscales, spam, emails, does",19,"How can IRONSCALES help prevent unwanted emails or spam, especially from known persistent senders?",0.7873
163,"prevent, emails, ironscales, quarantined",18,How can I prevent legitimate and business-critical emails from being quarantined by IRONSCALES?,0.8149
235,"phishing, email, emails, classified",18,"Why might legitimate emails, particularly from common public domains (e.g., Gmail, Outlook), be flagged as phishing?",0.7652
183,"suspicious, email, emails, suspicious email",17,"How are reported suspicious emails handled, and what is the recommended action?",0.738
332,"phishing, ironscales, email, emails",17,Why might a legitimate email be incorrectly classified as phishing by IronScales?,0.8076
74,"license, limit, license limit, mailboxes",17,"What do the ""Enabled Mailboxes / License Limit"" numbers mean on my account dashboard?",0.7759
130,"ironscales, email, suspicious, suspicious email",16,What should I do if I receive a suspicious email that IRONSCALES did not flag?,0.8276
54,"microsoft, ironscales, microsoft quarantine, quarantine",16,What are the prerequisites to enable the Microsoft Quarantine feature in Ironscales?,0.8284
75,"ironscales, license, licenses, ironscales license",16,"How can I regain access to Ironscales if I'm experiencing issues due to a license expiration, especially after a renewal?",0.77
69,"ironscales, email, emails, does",16,How can I troubleshoot and resolve issues with not receiving IRONSCALES email alerts?,0.7612
29,"phishing, simulation, phishing simulation, campaign",15,"Why would a user appear as ""Trained"" for a phishing simulation campaign but also show a status like ""Email Not Opened"" or ""Not Clicked"" for the initial campaign email?",0.7677
21,"mailboxes, ironscales, protected, protected ironscales",15,"Why are some user mailboxes not being protected by IRONSCALES, even if licenses are assigned?",0.8075
32,"subscription, marketplace, vendor, cancelled",15,What should I do if a subscription cancelled through a third-party marketplace is still being charged by the vendor?,0.7512
92,"ironscales, suspicious, emails, email",15,What is the recommended method for handling malicious or suspicious emails to improve future detection in IRONSCALES?,0.8073
122,"outlook, phishing button, button, report phishing",15,"How can I troubleshoot if the ""Report Phishing"" button is not visible or not working in Outlook?",0.8014
8,"tenant, account, request, deletion",15,How do I request the deletion of a customer account or tenant?,0.7896
254,"partner, dashboard, tenant, partner dashboard",15,How can a partner request to remove a client or tenant from their dashboard?,0.8588
286,"phishing, ironscales, emails, email",14,What actions does IronScales take when a sophisticated phishing email bypasses its detection mechanisms?,0.8287
475,"domains, domain, add, allowed",14,How can I add a new domain to my tenant's allowed domains list?,0.9285
215,"tenant, requesting, information, removal",14,What information should be provided when requesting the removal of a customer tenant?,0.8195
447,"does, emails, ironscales, does ironscales",14,How does IRONSCALES inspect and remediate suspicious emails?,0.8146
371,"add, add new, new, account",14,How can I add a new domain to my account?,0.8786
220,"ironscales, license, ironscales license, licenses",14,What are the different licensing options available for IRONSCALES services?,0.7692
268,"account, starter, form, created",14,Why might my Starter Tier account not be created after I submitted the sign-up form?,0.8164
168,"emails, legitimate, prevent, flagged",14,How can I prevent legitimate emails from being misclassified and receiving warning banners due to an ongoing security incident?,0.7548
72,"ironscales, 365, microsoft, does",13,What are the common stages or components of an IRONSCALES integration with Office 365?,0.7632
33,"emails, ironscales, email, incident",13,Why might emails that appear similar not be clustered into a single incident by Ironscales?,0.7862
233,"email, does, threat, impersonation",13,"What factors are considered when classifying an email as a potential ""Credential Theft"" threat?",0.6918
169,"email, suspicious, legitimate, emails",13,"Why might a suspicious email, like a spoofed message, bypass automatic detection and incident creation?",0.7481
477,"email, ironscales, quarantined, user",13,Why might an email appear to be quarantined by Ironscales but still remain in a user's inbox?,0.8178
152,"report, phishing, report phishing, shared",13,"Why is the ""Report Phishing"" button not working in shared mailboxes?",0.8511
151,"safe, emails, ironscales, presumed safe",13,"What are ""Presumed Safe Emails"" in IRONSCALES and how can an administrator enable their visibility?",0.8624
2,"ironscales, integration, advanced, advanced integration",13,"Is the Ironscales ""Advanced Integration"" feature generally available or fully released?",0.6856
146,"msp, tenant, remove, dashboard",13,How can an MSP or Partner remove a client tenant from their dashboard?,0.8234
139,"ironscales, syncing, mailboxes, syncing ironscales",13,Why is a mailbox not syncing with IRONSCALES?,0.8287
12,"license, expired, expire, license expire",12,What should I do if my license has renewed but I am unable to access the service or my account shows as expired?,0.7115
344,"tenant, licenses, existing, number",12,How to request a license activation or change for an existing tenant?,0.7825
208,"spam, ironscales, adaptive, ai spam",12,"What is ""Adaptive AI Spam Hygiene"" in Ironscales, and how can it help improve spam detection?",0.814
174,"integration, google, google workspace, workspace",12,What should I do if my Google Workspace integration fails or shows an error during setup or re-integration?,0.7281
425,"customer tenant, migration, customer, request customer",12,How can I request a customer tenant migration from one partner to another?,0.9613
63,"improve, emails, detection, does",12,How can I help improve the system's detection capabilities for evolving email threats?,0.7529
407,"domains, list, add, organization",12,How can I request to add a domain to my organization's allowed domains list?,0.9354
303,"ironscales, trusted, emails, spam",12,How can I prevent legitimate emails from trusted senders from being misclassified as spam in the IRONSCALES platform?,0.8121
198,"emails, quarantined, quarantine, email",12,How are quarantined emails released or restored after an incident is resolved?,0.708
256,"mailboxes, syncing, mailboxes syncing, appearing",12,Why are newly created user mailboxes not appearing or syncing after multiple attempts?,0.7691
42,"incidents, unclassified incidents, unclassified, incident",12,"Why are some unclassified incidents not visible in the Unclassified Incidents tab, or what is the default display time for this tab?",0.6705
19,"mailboxes, ironscales, 365, office",12,How can I include shared mailboxes in the Ironscales synchronization process from Office 365?,0.7936
71,"customer, permissions, happens, permissions customer",12,What happens to administrative permissions when a customer tenant is migrated between partners?,0.8541
82,"ironscales, phishing, simulation, phishing simulation",12,Which IP addresses should I whitelist for IRONSCALES phishing simulation campaign landing pages (specifically for US-based campaigns)?,0.8038
474,"spam, ai, adaptive, emails",12,Can end-users independently release emails identified as spam by Adaptive AI Spam Hygiene?,0.7938
357,"ironscales, dashboard, msp, tenant",12,How can an MSP or partner remove a customer tenant from their Ironscales dashboard?,0.9201
67,"training campaign, training, campaign, closed",11,How can I relaunch a training campaign that was previously ended or stopped?,0.7186
58,"error, temporal, temporal error, mailbox",11,"What are the common causes for mailboxes to display a ""Temporal Error"" status?",0.8141
258,"company, tenant, ironscales, dashboard",11,How can I request the removal or deletion of a company (tenant) from an Ironscales dashboard?,0.8229
170,"phishing, ironscales, button, report",11,Is special configuration required for Ironscales to process phishing reports submitted via KnowBe4 Phish Alert Button (PAB)?,0.7046
57,"license, licenses, customer, account",11,Will my billing be affected if my license count is adjusted?,0.6931
41,"phishing, report, mailbox, emails",11,"What is the status of the feature to allow the ""Report Phishing"" button to forward reported emails to an external abuse mailbox?",0.8033
200,"tenant migration, tenant, customer, migration",11,What information is required when requesting a customer tenant migration?,0.8429
10,"license, ironscales, count, license count",11,I am experiencing incorrect license counts or unexpected feature changes in my IronSCALES portal after updating licenses through a third-party marketplace. What could be causing this?,0.7584
11,"incident, release, emails, specific",11,"How can an administrator release an email for a specific user if it's part of a centrally classified security incident and the ""Release to Inbox"" option is missing?",0.6939
16,"ironscales, quarantined, emails, microsoft",11,Can IRONSCALES release emails that were quarantined by Microsoft Defender?,0.795
17,"release, inbox, release inbox, spam",11,"What should I do if the ""Release to Inbox"" feature is not working or I encounter an error?",0.7143
110,"ironscales, email, does, release",11,Why might an email not appear in IronScales logs even if it seems to have been blocked or delayed by the system?,0.727
20,"msp, client, removal, account",11,What information is needed when requesting the removal of a client account from an MSP partner dashboard?,0.8066
22,"sso, sign, single, sign sso",11,"What should I do if I am unable to log in to my account, especially if I use Single Sign-On (SSO)?",0.7054
223,"spam, emails, quarantined, email",11,Why are emails from domains on our allowlist still being flagged as spam or quarantined?,0.7931
346,"email, quarantined, automatically, suspicious",11,Why might a suspicious email detected by the system not be automatically quarantined or classified?,0.8183
51,"ironscales, malicious, teams, urls",11,Does IronScales plan to enhance its capabilities to detect malicious URLs embedded within attachment content?,0.7178
47,"add, outlook, remove, outlook add",11,How do I remove an Outlook add-in from Microsoft 365?,0.7444
248,"customer, ironscales, request, migration",10,How can I request a customer account migration between two IRONSCALES partners?,0.8525
104,"phishing, phishing simulation, simulation, simulations",10,"What are the requirements and necessary configurations to ensure phishing simulations run smoothly, including email server and firewall allowlisting?",0.7104
96,"training, video, completion, training video",10,"How is user progress tracked for training videos, and why might a training video not be marked as 100% complete?",0.7408
100,"dmarc, reports, aggregate reports, aggregate",10,What are DMARC aggregate reports and why do domain owners receive them?,0.6564
61,"microsoft, ironscales, junk, outlook",10,"Why are incidents being created in IRONSCALES from end-user ""Not Junk"" actions in Microsoft Outlook, even if they didn't explicitly report the email?",0.7509
197,"tenant, new, information, required",10,What information is required to set up a new tenant?,0.8784
15,"account, account takeover, takeover ato, takeover",10,Does IRONSCALES recommend any specific Microsoft settings to increase the sensitivity of alerts for Account Takeover (ATO) detection?,0.7949
466,"spam, ai, spam hygiene, hygiene",10,How can I prevent legitimate emails from being incorrectly flagged as spam by the Adaptive AI Spam Hygiene model?,0.8909
89,"domains, allowed, allowed domains, list",10,What information is needed when requesting to add or update allowed domains?,0.739
6,"ironscales, mailbox, synchronized, synchronized ironscales",10,Do inactive or deactivated shared mailboxes sync with IronScales?,0.7699
358,"report, phishing, report phishing, button",10,"Why might the ""Report Phishing"" button appear unresponsive or encounter an issue when attempting to report an email?",0.7807
173,"license, subscription, licenses, existing",10,What is the process for adding more licenses to my existing subscription?,0.746
214,"ironscales, log, unable, unable log",10,"I am unable to log in to Ironscales, even with direct email and password credentials. What could be the cause?",0.7916
99,"addresses, ip, ip addresses, ironscales",10,Where can I find the current Ironscales IP addresses needed for SIEM or firewall configurations?,0.7808
178,"tenant, ironscales, customer, customer tenant",10,How can a partner request the removal of a customer (tenant) from Ironscales?,0.8683
180,"365, ironscales, integration, permissions",10,What are the required permissions for the user account performing Office 365 integration with IronScales?,0.762
105,"training, trained, user, campaign",10,"How are users classified as ""Trained"" or ""Untrained"" in the training campaign reports, and what do different statuses signify?",0.7433
116,"phishing, user, campaigns, campaign",10,How can I obtain aggregated reports for user training and phishing test campaigns across my entire account?,0.7075
403,"phishing, report, button, phishing button",10,"What is the current behavior of the ""Report Phishing"" button for users with only Security Awareness Training (SAT) activated?",0.7878
201,"report, phishing, button, phishing button",10,How can I troubleshoot issues with the Report Phishing button for Google Workspace?,0.7553
27,"license, purchase, new, new purchase",10,Are there specific timeframes or processes for when license changes take effect?,0.6261
471,"ironscales, siem, events, logs",10,"What protocol and port does Ironscales use to send SIEM logs (e.g., to Splunk)?",0.7508
73,"spam, emails, inbox, briefly",10,Why might an email appear in both my inbox and my junk/spam folder even after my anti-spam solution has taken action?,0.7186
38,"account, remove, customer, customer account",10,How do I request the deletion of a customer account or cancellation of associated licenses?,0.7173
210,"ironscales, emails, does ironscales, does",9,How does Ironscales handle user reports of emails from sources that are included in the Ironscales allow list (whitelist)?,0.745
184,"email, does, user, automated",9,How does the auto-classification threshold affect email detection and quarantine actions?,0.6619
249,"phishing button, button, report phishing, report",9,What should I do if the Report Phishing button is not working for any users or mailboxes?,0.804
120,"ironscales, campaign, emails, simulation",9,How can I verify that simulation campaign emails were successfully sent from IRONSCALES' servers?,0.7697
324,"ironscales, account, ironscales account, existing",9,How can a deprovisioned IRONSCALES account be reactivated or upgraded if it was cancelled in error?,0.7531
138,"address, email address, email, update",9,How can I update the main contact or owner email address for a company/tenant?,0.7514
164,"quarantined, legitimate, emails, email",9,"What are the recommended actions if legitimate, business-critical emails are repeatedly quarantined?",0.7669
280,"spam, email, emails, ironscales",9,Why are emails classified as spam by Ironscales still being delivered to user inboxes instead of being moved to a junk or spam folder?,0.8167
279,"domains, allowed domains, domains list, purpose allowed",9,What is the purpose of an 'Allowed Domains List'?,0.8185
226,"ironscales, outlook, new, new outlook",9,What is Ironscales doing to address the full-screen issue with links in the new Outlook experience?,0.7846
190,"error, ironscales, failed, account",9,"What does the error ""Failed to send Notification Template: ironscalesCancel"" indicate when attempting to deprovision an IRONSCALES account?",0.6771
261,"phishing, campaigns, phishing campaigns, information",9,What information should I provide to support when troubleshooting undelivered phishing simulation campaigns?,0.7102
185,"911, 911 mailbox, mailbox, emails",9,What should I do if my 911 Mailbox is not processing forwarded emails?,0.7446
144,"emails, spam, folder, protected",9,"How can I change the default action for emails identified as spam or threats (e.g., from moving to the Junk folder to quarantining)?",0.6399
253,"report, emails, shared, mailbox",9,"What is the recommended way to report suspicious emails from a shared mailbox if the ""Report Phishing"" button doesn't work?",0.8915
95,"shared, shared mailboxes, mailboxes, protected",9,What should I do if shared mailboxes appear to be unlicensed or unsynced?,0.751
88,"issue, report, team, development",9,How can I get an update on an issue or bug report that has been escalated to the development team?,0.6086
55,"email, incident, incidents, does",9,"What happens to an email after it is released from the system (e.g., after an incident classification)?",0.6601
430,"phishing, simulation, phishing simulation, organization",9,"My organization is receiving emails flagged as phishing, but we believe they are legitimate. What should we do?",0.6805
53,"synchronization, mailbox, mailbox synchronization, mailboxes",9,How can I initiate an immediate synchronization of mailboxes?,0.7239
86,"google, google workspace, workspace, ironscales",9,What Google Workspace permissions are required for the IRONSCALES integration to function correctly?,0.8037
375,"email, quarantine, report, release",9,Why might an email still appear in a quarantine report even after it has been released?,0.7856
404,"training, completion, certificate, training completion",9,Why might a user not receive a completion certificate despite completing a training course?,0.7705
70,"permissions, ironscales, integration, ironscales integration",9,What is the policy regarding modifying default permissions for the Ironscales integration?,0.7307
457,"mailbox, sync, mailboxes, resolve",9,"What troubleshooting steps should I take if mailbox synchronization issues persist, especially if I suspect the sync is disabled?",0.7848
83,"password, ironscales, reset, ironscales password",9,What should I do if my IRONSCALES password reset email isn't working or if I can't log in after resetting my password?,0.787
40,"incidents, incident, automatically, does",9,What is the probability threshold for automatic incident creation by the system?,0.6246
432,"ironscales, email, internal, difference",9,What criteria does IronScales typically use to automatically detect and remediate email threats?,0.7469
34,"mailboxes, mailbox, error, unprotected",9,"What does it mean if my Microsoft 365 mailboxes show as ""unprotected"" or have a ""temporal error"" in the protection platform?",0.7658
478,"ironscales, email, verify, verify email",9,How do I verify if IRONSCALES has performed an action on a specific email?,0.7979
77,"email, emails, classification, clustering",9,"How can I disable email notifications that inform end-users about the classification status of emails they have reported (e.g., phishing, spam, or safe)?",0.6258
354,"safe, email, happens, incident",9,"What happens when an email incident is classified as ""Safe""?",0.82
23,"report phishing, phishing, report, xml",9,How do I reinstall the Report Phishing add-in for Outlook (Office 365) for individual users?,0.704
401,"phishing, ironscales, phishing simulation, report",9,"How should users report phishing simulation emails (e.g., from KnowBe4) when using IRONSCALES?",0.8047
13,"ironscales, allow, ip, allow list",9,What are the steps to add an IP address to the Allow List in IRONSCALES?,0.7579
5,"email, incident, malicious, links",9,How can I confirm the current location of an email after it has been involved in an incident?,0.6774
4,"ironscales, incident, notifications, incidents",9,What are the available options for centralizing or receiving IRONSCALES incident notifications and alerts for administrators and end-users?,0.7103
262,"legitimate, phishing, email, incorrectly",8,What should I do if a legitimate email is incorrectly classified as phishing (a false positive)?,0.7996
157,"integration, workspace, google, google workspace",8,What are the necessary permissions for the Google Workspace account used in the integration process?,0.8247
66,"training, custom, custom training, domain",8,Are custom training domains compatible with all types of training modules or campaigns?,0.7162
165,"ironscales, quarantined, email, blocked",8,"How can I check if a specific email was quarantined, blocked, or otherwise acted upon by Ironscales?",0.838
351,"training, status, campaign, training campaign",8,"What actions can be taken for users whose training campaign status is inaccurate (e.g., ""Opened"" or ""N/A"") in reports for past campaigns?",0.775
50,"safe, safe emails, emails, presumed safe",8,"How can I search for specific ""Presumed Safe Emails"" within the Investigation tab?",0.7559
56,"starter tier, tier, starter, form",8,What happens after I submit the Starter tier signup form?,0.7348
171,"365, ironscales, microsoft, user",8,What is the added value of Ironscales when Microsoft 365 already filters suspicious emails?,0.7394
435,"logs, ironscales, siem, receiving",8,"Why am I not receiving logs from IRONSCALES in my SIEM platform (e.g., QRadar) despite following the integration steps?",0.8374
270,"report, phishing, ironscales, ironscales report",8,"How can I resolve issues with the Ironscales ""Report Phishing"" button in Outlook Desktop, such as it being missing, not persistent, or not functional?",0.837
49,"training, domain, email, links",8,Why are training email links redirecting to an incorrect or unexpected domain?,0.701
46,"sender, know, know sender, impersonation",8,"How is the ""Know This Sender"" feature enabled for Impersonation Protection banners?",0.7092
240,"report, mailboxes, ironscales report, phishing",8,Why is the IRONSCALES Report Phishing button not available or not working in shared mailboxes or resource mailboxes?,0.8432
43,"ironscales, spam, emails, folder",8,How can I prevent legitimate emails that are part of an ongoing incident from being automatically moved to my spam or junk folder by Ironscales?,0.7531
231,"account, msp, tenant, provider msp",8,How can I change the Managed Service Provider (MSP) associated with my tenant?,0.7482
25,"ironscales, account, transfer, new",8,How are new license purchases applied to an existing Ironscales account?,0.7514
224,"email, ironscales, addresses, sender",8,What email addresses do IRONSCALES alerts originate from?,0.7454
24,"phishing, phishing simulation, simulation, user",8,When is a user considered to have 'failed' a phishing simulation using a 'Drive-by' template?,0.6956
195,"tenant, partner, customer, customer tenant",8,How can a partner confirm if a specific customer or tenant is still managed under their account within the system?,0.7855
154,"partner, customer, account, account migration",8,What happens to a customer's active licenses and service during a partner-to-partner account migration?,0.7351
205,"integration, api, error, does",8,What is a common reason for API integration errors with Palo Alto Cortex XSIAM or XSOAR?,0.5133
397,"partner, tenant, customer, account",8,How can I transfer or update the managing partner for an existing customer tenant?,0.7547
278,"phishing, ironscales, users, phishing simulation",8,Does IRONSCALES offer phishing simulations for Microsoft Teams?,0.786
322,"release, emails, release inbox, inbox",8,"Why is the ""Release to Inbox"" option missing or unavailable for certain emails in the Daily Quarantine Report, even if categorized as SPAM?",0.8618
93,"email, emails, outlook, email snapshot",8,"Why do images in emails not display automatically in Microsoft Outlook, and how can they be viewed?",0.5935
333,"training, phishing, campaign, simulation",8,"What is the difference between a ""Simulation Campaign"" and a ""Training Campaign"" in a phishing awareness program?",0.7534
335,"add, domain, list, email",8,How do I add specific domains or senders to the allow list to ensure their emails are not blocked?,0.7276
300,"training, progress, training videos, videos",8,"Is there a plan to implement a feature that saves progress for training videos, allowing users to resume later?",0.7153
113,"dmarc, data, dns, steps",8,My DMARC Management is not showing any data after setup. What should I check?,0.6319
140,"dmarc, access, management, dmarc management",8,How do I access or enable DMARC Management?,0.7568
115,"workspace gws, starter, google, google workspace",8,Why can't I sign up for a Starter account if my email platform is Google Workspace (GWS)?,0.8321
272,"account, using google, google, using",8,Why am I getting an error or being redirected to the sign-in page when trying to log in for the first time using Google or Microsoft SSO?,0.6795
274,"license, ironscales, increase, ironscales license",8,"How do I activate a full license or make changes to my existing IRONSCALES license (e.g., extend, upgrade, modify)?",0.8099
150,"google, workspace, google workspace, account",8,What should I do if my Google Workspace AutoSync fails even after confirming Super Admin permissions for the integration account?,0.7237
149,"microsoft, microsoft teams, teams, protection",8,How do I configure Microsoft Teams message protection in IronScales?,0.8289
123,"911, 911 mailbox, mailbox, email",8,Why did forwarding an email to the 911 mailbox not create an incident?,0.7424
84,"ironscales, emails, email, report",8,What happens if an email is incorrectly classified by IronScales' Themis system and reported to support?,0.7319
276,"ironscales, capabilities, detection, detection capabilities",8,How does IRONSCALES use reported incidents of missed threats to improve its detection capabilities?,0.8153
501,"report, phishing, phishing button, report phishing",7,What should I do if the 'Report Phishing' button in my Microsoft Outlook Desktop client is spinning indefinitely or not working?,0.8662
209,"customer, access, ironscales, tenant",7,"How can an MSP or partner regain admin access to a customer's Ironscales tenant if they have previously demoted their own permissions (e.g., to 'incident viewer') and are unable to be re-added by the customer?",0.7742
325,"domain, allowed, allowed domain, error",7,"What does the error message ""has not allowed domain"" mean during mailbox synchronization?",0.8502
229,"failures, server, related, troubleshoot",7,What should I do if the Microsoft Remote Connectivity Analyzer indicates Autodiscover errors or authentication failures?,0.5929
228,"remediation, stop remediation, stop, incident",7,What are the different options and their implications when using 'Stop Remediation' for an email incident?,0.7826
481,"owner tenant, change owner, change, tenant",7,How can I change the owner of my tenant or account?,0.9129
365,"integration, email, account, does",7,"Why does my new Email Protect account show ""No integration"" under Email Integration status?",0.8358
364,"google, integration, ironscales, workspace",7,What information should I provide when troubleshooting a Google Workspace integration issue with IRONSCALES?,0.7658
369,"microsoft, quarantine, microsoft quarantine, integration",7,Is the documentation article the definitive source for what is enabled by the Microsoft Quarantine integration?,0.7368
211,"emails, prevent, clustered, causing",7,How can I prevent a specific disclaimer or common text from causing unwanted email clustering?,0.7864
336,"email, initial, onboarding, login",7,How can I troubleshoot if I haven't received my initial login or welcome email after onboarding to the platform?,0.6474
356,"ironscales, protected, protected ironscales, shared",7,How can I verify if a shared mailbox is protected by IronScales?,0.8831
488,"email, incident, automatically, suspicious",7,Why might a suspicious email not automatically trigger an incident or appear in the main investigation view?,0.7773
490,"ironscales, cancellation, information, information provide",7,What information should I provide when requesting a subscription cancellation from IRONSCALES Support?,0.8433
503,"domains, add, ironscales, domain",7,How do I add new domains or subdomains to my Ironscales tenant's Allowed Domains list?,0.8185
455,"ironscales, android, app, mobile",7,"Where can I find updates on the Ironscales mobile app's compatibility with new Android versions (e.g., Android 15)?",0.6624
312,"vip, vip impersonation, impersonation, customize vip",7,"What is the ""Customize VIP Impersonation autoclassification sensitivity"" feature and how does it work with the general phishing auto-classification settings?",0.804
289,"ironscales, tenant, partner, ironscales tenant",7,My Ironscales tenant is not visible or correctly associated under my partner account in the Ironscales portal. What steps should be taken?,0.741
389,"email, allow, ironscales, list",7,"What are the different types of email allow lists in Ironscales, and what is their purpose?",0.7845
419,"silent mode, mode, silent, emails",7,"Does being in ""Silent Mode"" prevent the creation of incidents from ""Presumed Safe"" emails?",0.7515
387,"ironscales, login, time, time login",7,How do I complete my first-time login and activate my IRONSCALES account?,0.8342
1,"license, notification, email, update notification",7,"Who receives the ""License exceeded"" email notifications?",0.7196
380,"license, cancel, license cancel, cancel partner",7,"What does the error ""Failed execution: The license to cancel could not be found on the partner/company"" indicate when trying to deprovision an IRONSCALES license?",0.9092
281,"tenant, does, long does, long",7,How long does it take for a customer account or tenant to be fully deleted?,0.7906
378,"ironscales, scanning, specific, necessary",7,Does Ironscales' attachment scanning process include sandbox detonation?,0.6544
250,"groups, 365, ironscales, 365 groups",7,How long does it take for new Office 365 groups or users within custom groups to synchronize with Ironscales?,0.8317
311,"license, status, subscription, expiration",7,"How can I confirm the status or expiration date of my product license (e.g., Starter license)?",0.6896
293,"license, premium, premium standard, standard",7,"How can I request a change to my existing license type (e.g., downgrading from premium to standard)?",0.8462
301,"microsoft, 365, ironscales, microsoft 365",7,What Microsoft 365 licenses are required to use the Microsoft Quarantine feature with IronScales?,0.8066
302,"new company, company, tenant, company tenant",7,How do I request a new company or tenant setup for my client?,0.8362
242,"api, incidents, using api, using",7,What API endpoints are available for retrieving general incident data?,0.7241
306,"ironscales, siem, siem integration, integration",7,How do I integrate Ironscales with a Security Information and Event Management (SIEM) system?,0.7893
269,"time sender, time, ironscales, sender",7,"What does the ""First-time Sender banner"" indicate in Ironscales?",0.8549
236,"security, email, 365, microsoft",7,Why might emails forwarded from Microsoft 365 mailboxes to external systems bypass in-mailbox security solutions?,0.7168
265,"mailboxes, licenses, number, increase",7,How can I request to increase the number of mailboxes or licenses for my account?,0.8077
0,"tenant, migration, specific, tenants",7,"How can I request a tenant migration between geographical instances (e.g., from US to EU)?",0.6104
103,"email, detected, email compromise, compromise",7,"What is the process for an administrator to take action on a delivered, potentially malicious email that was allowed due to similarity logic?",0.6443
94,"integration, mailboxes, protected, unprotected",7,"What should I do if some mailboxes are not protected immediately after a new integration, displaying statuses like ""Temporal Error"" or ""Mailbox not protected""?",0.7392
91,"license, login, agreement, license agreement",7,Why am I being logged out or stuck in a login loop when trying to accept the license agreement after logging in?,0.6576
30,"company, new, api, new company",7,What is the API endpoint for creating a new company?,0.6729
31,"account, takeover, account takeover, potential",7,What specific logs should I provide to support when investigating a suspected missed Account Takeover (ATO) alert?,0.7348
90,"ironscales, spam, emails, legitimate",7,What steps can be taken to train the IRONSCALES system to stop flagging legitimate emails as spam?,0.8005
44,"account, customer, tenant, deactivated",7,How can a deactivated customer tenant's account and licenses be reactivated during a partner account transfer?,0.6869
81,"email, security, suspicious, attachment",7,"Why are certain email attachment types flagged as high-risk, even from trusted senders?",0.7149
80,"ironscales, user, company, accounts",7,"What prevents access to an Ironscales company account, even if other users within the same company can still log in?",0.7166
45,"ironscales, add, tenant, ironscales tenant",7,How do I add additional email domains to my IRONSCALES tenant?,0.805
175,"login, account, new, new account",7,What is the correct first-time login process after receiving new account credentials?,0.6956
68,"ironscales, users, support, scim",7,Does Ironscales support SCIM (System for Cross-domain Identity Management) for provisioning system users (users who log into Ironscales)?,0.7031
167,"domain, account, primary, primary domain",7,How can I change the primary domain associated with my account?,0.7793
133,"sat, training sat, security awareness, awareness training",7,"How do I purchase or add Security Awareness Training (SAT) to my IRONSCALES service, especially if managed by an MSSP?",0.7205
160,"tenant, domain, transfer, domains",7,How can I move or transfer allowed domains between different tenants?,0.7276
156,"ironscales, mode, silent mode, silent",7,What is Silent Mode in IRONSCALES and how does it affect end-user notifications?,0.8442
153,"change channel, change, channel, request",7,What information is required to submit a Change of Channel request?,0.7821
136,"ironscales, user display, user, display",7,What is the resolution for incorrect user display names or details in IRONSCALES caused by conflicting email aliases?,0.6839
62,"clicks, campaign, displayed, clicks bar",7,Why might the total number of clicks reported for a campaign not match the sum of clicks shown per department on the clicks bar chart?,0.6292
187,"emails, campaign, simulation, email",7,"Why might a user not receive a simulation campaign email, even if they are enabled in the system?",0.6972
85,"landing, page, landing page, impersonation",7,What should I do if I need to customize a landing page but the existing one is an uneditable image?,0.5654
137,"license, tenant, impact, pending tenant",7,What is the impact of an expired license on my tenant's functionality?,0.7285
203,"banners, emails, sender, email",7,"Why are emails from an allow-listed domain still showing ""suspicious"" banners?",0.7601
106,"migration, information, account, requesting",7,What information is essential when requesting a client account migration?,0.6819
108,"training, available, module, modules available",7,"Are training modules available for all supported campaign languages, such as Ukrainian?",0.5987
9,"integration, supported, versions supported, versions",7,What OPSWAT API versions are supported for integration?,0.52
202,"app, email, error, report",7,"I'm receiving a ""network error"" when trying to report an email using the reporting button. What should I do?",0.6377
196,"phishing, does, email, reported",7,What criteria does the system use to automatically detect and classify an email as a phishing incident?,0.7608
97,"email, user, recipient, incident",7,How can I determine if a reported email within an incident was read by the recipient?,0.7795
14,"errorirresolvableconflict, errorirresolvableconflict 412, 412, authentication",7,How does the `ErrorIrresolvableConflict (412)` impact email analysis and protection?,0.5237
410,"911 mailbox, mailbox, 911, ironscales",6,What is the recommended best practice for setting up the IRONSCALES 911 mailbox?,0.8315
406,"ironscales, email, email address, address",6,What information is typically included in the IRONSCALES welcome email?,0.7428
65,"campaign, simulation campaign, users, simulation",6,How can I efficiently target a specific group of users for a simulation campaign if direct CSV upload isn't available?,0.6217
132,"release, email, release email, error",6,"What should I do if a user receives an error when attempting to release a password-protected email using the ""Request to Release"" option?",0.6927
347,"partners, customer, transfer, account",6,What is the process for requesting a customer account transfer to a new partner?,0.8703
64,"protection, deepfake, deepfake protection, implications",6,How can I acquire or ensure my organization has access to deepfake protection technology?,0.5232
408,"release, error, trying release, trying",6,"What does the error message ""Your request was not delivered to the Security team, due to server problems"" mean when trying to release an email from quarantine?",0.8074
417,"tenant, customer, reactivate, customer tenant",6,Is it possible to reactivate a customer tenant after it has been deleted or deactivated?,0.7926
295,"ironscales investigation, tab, investigation, investigation tab",6,"Why can't I find an email in the IronScales Investigation tab, even if it was reported as potentially problematic?",0.8362
287,"detected, scam detected, scam, attack detected",6,"What is a ""Vendor scam"" and how is it detected?",0.6363
294,"phishing, user, emails, templates",6,What happens to phishing simulation campaign data if a user first reports a simulated phishing email and then subsequently clicks the phishing link or submits credentials?,0.7556
413,"emails, ironscales, training, sent",6,"How do IRONSCALES training reminder emails work, and under what circumstances are they sent?",0.7653
304,"account, deletion, company, request",6,How can I request the deletion of a company account?,0.8001
135,"incidents, security incidents, security, irrelevant",6,Will false positive or irrelevant security incidents be removed from my account?,0.7249
352,"incident, incident review, review, resolved incident",6,"What are the criteria for receiving a ""Resolved Incident Review"" notification?",0.7579
288,"ironscales, license, date, expiration",6,Where can I find my IRONSCALES license validity or expiration date on the dashboard?,0.816
290,"campaign, manager, scheduled, campaigns",6,Why did my scheduled campaign launch earlier than expected?,0.6033
329,"incident, phishing, reclassify, emails",6,How can I reclassify a single email within an incident that has been marked as phishing or spam?,0.7592
405,"support, contact, information, details",6,Who should I contact for detailed pricing or to discuss activating add-ons like Premium Security Awareness Training (SAT) content?,0.5172
328,"email, unreadable, support, emails",6,What should I do if my email security system is not actively filtering or protecting my mail flow?,0.7062
327,"mailboxes, sync, mailbox, number",6,Why might my mailbox sync show 0 mailboxes or fail to complete even after meeting basic prerequisites like administrator permissions?,0.6856
370,"tenant, add, domains, add additional",6,How can I add additional domains for an existing customer or tenant?,0.8462
372,"tenant, ironscales, cancellation, customer",6,How can a partner confirm the cancellation or removal of a customer tenant from their IRONSCALES dashboard?,0.781
118,"ironscales, email, typical, delivery",6,What is the typical timeframe for an email to be quarantined by IRONSCALES after it's delivered to an inbox?,0.7574
114,"autosync, failed, autosync failed, company",6,"What are the common causes for a ""Company's AutoSync Failed"" error?",0.7621
379,"integration, advanced, advanced m365, m365",6,Where can I find documentation or setup instructions for the Advanced M365 Integration?,0.5929
321,"phishing, email, microsoft, ironscales",6,What are the requirements for allowing IRONSCALES phishing simulation emails to bypass email security filters like Microsoft Defender?,0.7496
320,"ironscales, starter, plan, ironscales starter",6,How can I register for the IRONSCALES Starter Plan?,0.7247
385,"phishing, campaign, simulation, phishing simulation",6,"Why are detailed phishing campaign results, such as individual recipient actions (e.g., clicks, training failures), or CSV export options not visible for my phishing simulation campaigns?",0.7431
317,"trial, period, tenant, trial period",6,How can I extend the trial period for my newly created tenant?,0.7019
142,"ironscales, impersonation protection, impersonation, protection",6,How can I customize the content of IRONSCALES Impersonation Protection banners?,0.6554
101,"tenant, disabled, tenants, disabling",6,What does it mean if a customer's tenant is listed as 'disabled' in the system?,0.7001
315,"report phishing, report, phishing, add",6,"What is a ""Single Installation"" for the Report Phishing Add-in and when should it be used?",0.7367
363,"protection, ato protection, takeover ato, account takeover",6,What is Account Takeover (ATO) Protection and why is it important for email security?,0.786
390,"365, ironscales, microsoft, uninstall",6,How can I remove the IRONSCALES ADE add-in if it cannot be uninstalled via the Microsoft 365 Admin Center or Exchange Admin Center?,0.7698
361,"dmarc, management, dmarc management, ironscales",6,How can IRONSCALES DMARC Management be enabled or accessed?,0.8178
102,"integration, 365, microsoft, microsoft 365",6,"What should I do if the Microsoft 365 (M365) integration screen does not update after disconnection, preventing me from reintegrating?",0.7007
399,"subscription, ironscales, ironscales subscription, cancel",6,How do I deprovision or cancel an IRONSCALES subscription if I encounter an error?,0.7991
78,"request, account, data, deletion",6,What is the typical process and expected outcome after a customer account deletion or license cancellation request is submitted?,0.7133
355,"license, trial, trial license, free",6,How are free periods or trial licenses transitioned to a main paid license?,0.7013
427,"training, security, campaign, training sat",6,Can an active Security Awareness Training (SAT) campaign be edited after it has been launched?,0.7287
245,"trial, license, term, duration",6,How can I adjust or extend the term/duration of my current license?,0.69
166,"clustering, does, text, email",6,How can a common disclaimer or boilerplate text lead to incorrect email clustering?,0.7118
251,"allow, list, allow list, knowbe4 allow",6,What specific information should be provided when requesting KnowBe4 allow list enablement for multiple tenants?,0.7517
247,"emails, sat, training, security awareness",6,Why did end-users stop receiving confirmation emails and administrators stop receiving alerts when reporting emails not part of a Security Awareness Training (SAT) campaign?,0.7924
246,"emails, report, user, end",6,How do I configure or change the frequency of End-User Quarantine Report emails?,0.7424
60,"campaign, phishing, stop, phishing campaign",6,What should I do if a phishing campaign I attempted to stop continues to run?,0.6752
239,"ironscales, emails, email, rules",6,Can I add a custom email banner specifically for emails arriving from a particular domain using IRONSCALES?,0.7373
37,"details, campaign, campaigns details, campaigns",6,How can I retrieve details for a recently started campaign using the 'Get campaigns details' API if it was created more than 7 days ago?,0.6424
237,"training, user training, user, users",6,How can I view a user's training completion history for a specific campaign?,0.7386
36,"training, campaign, reminders, training reminders",6,Why are users receiving reminders for a training campaign even after they have completed a training and received a certificate of completion?,0.7149
482,"sign, ironscales, sso, login",6,"What should I check if Single Sign-On (SSO) is not working for users in Ironscales, even after initial configuration?",0.7432
483,"ironscales, license, shared, mailboxes",6,Do shared mailboxes in Microsoft 365 (Office 365) require a separate Ironscales license for protection?,0.8504
18,"access, training, user, link",6,"How can I resolve a user-specific permission glitch that prevents access to certain features or actions, such as campaign duplication or CSV uploads?",0.6204
227,"tenant, email, email address, address",6,What should I do if the owner email address I provided for a new tenant is already in use?,0.7525
191,"domains, allowed, domain, domains list",6,How can I request the removal of a domain from an Allowed Domains list for my organization or a client?,0.8029
192,"malicious, email, alert, read",6,"What triggers the ""Malicious Email was read"" alert?",0.7282
193,"ironscales, remove, msp, accounts",6,How can an MSP partner request the removal of inactive customer accounts from their IRONSCALES dashboard?,0.8232
491,"ironscales, domains, block, email",6,How can I block specific email domains using IRONSCALES?,0.8455
221,"ironscales, email, detailed, view",6,How can I view the detailed malware scan results for an email in Ironscales?,0.7593
493,"emails, quarantined, users, prevent",6,How can I prevent or automatically remove calendar invites associated with quarantined emails from users' calendars?,0.7198
217,"dmarc, feature automatically, automatically, tenant",6,Why would the DMARC feature automatically disable itself after being enabled in my tenant?,0.7803
499,"ironscales, subscription, ironscales subscription, status",6,How can I confirm that a previous Ironscales subscription has been successfully canceled or updated to a new plan?,0.7822
199,"ironscales, siem, logs, successfully",6,How can I confirm if SIEM logs are being successfully sent from IRONSCALES?,0.8195
3,"manager, ironscales, training, user",6,Why are user names appearing blank in IRONSCALES training campaign reports?,0.6764
505,"suspicious emails, suspicious, emails, mailbox",6,How can I reliably report suspicious emails from a shared mailbox using Ironscales?,0.8565
252,"email, ironscales, does, security",6,"Is Ironscales compatible with environments where Cisco Email Security is used as an email gateway (e.g., with Microsoft 365 or Google Workspace)?",0.7121
350,"information, license, include, information include",6,What specific information should I include when requesting a license update?,0.8167
449,"safe, email, administrators manually, administrators",6,"How does classifying a misidentified email as ""safe"" improve future spam detection accuracy?",0.7508
159,"company, account, account company, requested company",6,Can the owner account for a company be changed after the company has been created?,0.6801
59,"campaign, phishing, deleted, simulation",6,Can a phishing simulation campaign be recovered after it has been deleted from the platform?,0.8075
147,"ironscales, cancellation, account, ironscales account",6,How can I request the cancellation or removal of an Ironscales account?,0.8666
273,"detection, threats, improve detection, impersonation",6,"How does the system enhance its detection capabilities to identify new and evolving threats, especially when initial automatic detection might miss a threat?",0.7354
148,"mailboxes, mailbox, tenant, tags",6,"After removing a user, how long does it take for their associated mailbox to become available for re-assignment or re-provisioning?",0.6303
155,"ironscales, change, change channel, channel",6,What information is needed when requesting a 'Change of Channel' for IronScales products?,0.8185
52,"dashboard, ironscales, access, access ironscales",6,What should I do if I am unable to load or access an IronScales page or dashboard?,0.6935
48,"account, access, regain access, regain",6,"My account appears to be disabled, and I can't log in. How can I regain access to my account?",0.7017
263,"api, license, partner, changes",6,What are common causes for issues with API-driven license provisioning and how can they be troubleshooted?,0.746
264,"spam, prevent, spam button, button",6,What can I do to improve spam detection and prevent repetitive or similar spam emails from reaching my inbox?,0.6823
260,"ironscales, account, ironscales account, typically",6,"What is the typical timeline for an Ironscales account transfer, and how will the final cutover date be confirmed?",0.7355
161,"training, user, completion, trained",6,"What should I do if a user completes training but their status is not updated to ""Trained""?",0.7568
461,"detection data, reported emails, reported, expanded",5,How can I access expanded detection data for reported emails?,0.9174
495,"email, incident, phishing, phishing email",5,Why might a phishing email not generate an automatic incident detection?,0.747
367,"number mailboxes, mailboxes, number, maximum number",5,What is the maximum number of mailboxes supported by a Starter Tier license?,0.7268
434,"spam, adaptive, adaptive ai, ai",5,"Why are legitimate emails being classified as spam by IRONSCALES, particularly by the Adaptive AI Spam Hygiene model?",0.8776
98,"phishing, add, ironscales, workspace",5,What specific Microsoft 365 (M365) permission is required for the IronScales Phishing Button (PAB) add-in?,0.7231
451,"ironscales, domain, mailboxes, new",5,What should I do if my mailboxes are not syncing or being covered by IRONSCALES after migrating users to a new domain or tenant?,0.7789
79,"error, temporal error, temporal, date",5,"Why do my Scan Back incidents appear to start from a recent date (e.g., the scanback creation date), even though the scan back was configured for an older historical period?",0.6282
496,"email, challenge, deliver, deliver email",5,"Is receiving a ""Deliver my email"" challenge an indication of an issue with our email system's deliverability?",0.7087
206,"custom domain, custom, domain, error",5,What are the common reasons for a custom domain not resolving or showing an `NXDOMAIN` error?,0.673
402,"email, delivered, 365, microsoft",5,What should I do if emails are showing as 'delivered' in my email security gateway's logs but are not reaching user mailboxes and are missing from Microsoft 365 message trace?,0.7095
422,"email, outlook, email sending, exposure",5,What are temporary workarounds if the ADE (Accidental Data Exposure) add-in is preventing email sending in desktop Outlook or Outlook Web App (OWA)?,0.6534
445,"license, contact, update, request",5,Who should I contact to discuss my licensing needs or request adjustments to license enforcement settings?,0.7515
431,"report, phishing, report phishing, ironscales",5,"Can the Ironscales ""Report Phishing"" button be used to report emails received in a shared mailbox?",0.9006
426,"emails, quarantined, quarantined emails, email",5,"How can I obtain a report detailing quarantined emails and their original location (e.g., Inbox, Junk Folder) prior to quarantine?",0.7848
368,"campaigns, user click, user, click",5,Can I get a report summarizing user click activity across all campaigns for a specific period?,0.7868
444,"spf, dmarc, email, headers",5,"Why might email headers lack a ""Return-Path"" when analyzed by DMARC/SPF tools?",0.7692
464,"impersonation, ironscales, detection, attempt",5,Why might an impersonation or phishing attempt bypass IRONSCALES detection?,0.7681
440,"subscription, change, ironscales, ironscales subscription",5,"How can I upgrade my IRONSCALES subscription plan or change my payment terms (e.g., to annual)?",0.7469
416,"vip, impersonation, users, vip impersonation",5,What are the different ways users can be tagged with the 'vip_impersonation' tag?,0.742
415,"phishing simulation, simulation, phishing, clicks",5,How can I identify if clicks in my phishing simulation campaign results are false positives caused by automated security scanning?,0.7863
441,"email, 550, error, error 550",5,"How can I troubleshoot an email delivery error ""550 4.4.7 – The recipient's domain was unreachable or isn't accepting messages""?",0.7528
480,"integration, opswat metadefender, opswat, metadefender integration",5,What is the IRONSCALES Opswat MetaDefender integration?,0.8495
28,"account, disable, premium, disable premium",5,How can I enable or disable the Premium 3rd Party Content Pack for my account?,0.535
376,"trace, ironscales, message trace, message",5,What should I do if an expected email is not found in IRONSCALES *and* a Microsoft 365 Message Trace?,0.793
388,"ironscales, ironscales siem, siem, tls",5,What are the limitations regarding SSL/TLS certificates when integrating Ironscales with a SIEM?,0.7967
412,"access, company, account, access company",5,"What should I do if my account displays ""no access to any company"" upon logging in?",0.8058
411,"phishing, clone phishing, clone, tenant",5,Why are duplicated phishing templates or campaigns appearing in the parent tenant instead of the intended child tenant in an MSP environment?,0.6908
456,"ironscales, licenses, subscriptions, management",5,"Who is responsible for billing and payments for IRONSCALES licenses when I manage my customers through a third-party platform (e.g., Atera)?",0.7316
382,"emails, misclassified, accuracy, improve accuracy",5,How can I report misclassified emails (false positives or false negatives) to improve system accuracy?,0.7976
39,"pages, landing pages, landing, account",5,Why am I seeing unrelated landing pages or login pages in my account dashboard?,0.6766
349,"tab, incidents, investigation, investigation tab",5,How can I locate incidents or remediated emails in the platform's Investigation tab or Incidents tab?,0.7604
207,"ironscales, information, provide, reporting",5,What information should I provide to IRONSCALES support when reporting a missed threat or an email that wasn't blocked as expected?,0.8184
348,"user, multi, email, email address",5,"In a multi-region or multi-domain Office 365 environment, why might a user's User Principal Name (UPN) differ from their primary mailbox email address?",0.6574
267,"ironscales, protect, ironscales protect, subscription",5,What happens immediately after I purchase a new IRONSCALES Protect subscription?,0.7695
314,"add, changes, recommended, xml",5,"Why am I unable to upload a new add-in XML file to the M365 Admin Center when only minor changes (like label text) have been made, and it states the version is the same?",0.6001
218,"report, phishing, emails, report phishing",5,How can I enable end-user confirmation emails and administrator alerts for emails reported via the 'Report Phishing' button (even if not part of a SAT campaign)?,0.7811
308,"extension, trial, request, request extension",5,How can I request an extension for my trial period?,0.8686
128,"ironscales, domain, company, cname",5,Where can I verify or confirm my primary/company domain in Ironscales?,0.6906
305,"account, confirm, customer, specific",5,"How can I confirm the billing status of a specific customer account, especially if it's under a partner MSP?",0.6821
129,"information, reporting, information provide, provide",5,What information should I provide when reporting an issue or challenging the classification of an incident?,0.6467
298,"ironscales, tenant, msp, add",5,How do I add a new user to my MSP tenant in Ironscales?,0.7592
297,"ironscales, error, does, mailbox",5,"What does a ""Temporal Error"" status for mailboxes in IRONSCALES indicate?",0.7444
134,"error, mailbox, mailboxes, specific",5,What specific error message indicates that a user's mailbox is full and preventing email delivery?,0.6577
292,"feature, platform, request, new",5,"How can I request a new feature for the platform, such as automatic subtitle display in the Training Module?",0.6884
225,"tenant, templates, duplicate, scenario",5,"Why can't I duplicate templates between different tenants, or why are my newly created templates saving to an incorrect tenant?",0.7191
143,"auto, auto classification, classification, impact",5,What is the effect of lowering the auto-classification threshold?,0.6154
275,"domain, primary, primary domain, account",5,What happens to the old domain after the primary domain for a client's account is changed?,0.6888
188,"account, create new, new, create",5,Why might a partner or reseller account be missing the 'Add Company' button or unable to create new end-customer accounts?,0.721
212,"tenants, old, removed, account",5,Can old company tenants be removed or deleted after a license transfer or tenant migration?,0.731
230,"tenant, customer, customer tenant, partner",5,"As a partner, how can I obtain administrative permissions to a customer's tenant for management?",0.8042
266,"incident, safe, marked, marked safe",5,What should I do if an inline incident banner persists on an email after the incident has been marked as safe?,0.7691
158,"download, does, outlook, add",5,How can I download the Outlook Add-on if I am receiving an `AuthorizationQueryParametersError` or if the primary download link is not working?,0.6623
259,"information, requesting, domains, information provide",5,What information should I provide when requesting to add domains to my tenant?,0.8425
257,"ironscales, change, outbound public, ips",5,How are customers typically notified about changes to IRONSCALES outbound public IPs?,0.7741
172,"company, access, denied, permission",5,"What does a ""Permission denied"" error when accessing Company Settings mean?",0.7511
186,"workspace, google workspace, google, email",5,How can I block an email sender in Google Workspace?,0.7182
176,"license, protect, complete, complete protect",5,"What is the difference between the ""Starter"" license and other full-featured licenses like ""Email Protect""?",0.6665
244,"email, protect, email protect, new",5,What happens immediately after purchasing a new Email Protect subscription?,0.7074
177,"integration, alert, status, inactive",5,"What is the current status of the ""Alert for deactivation of integration"" feature?",0.6803
241,"information, tags, data, user",5,Where can I find information about the different tags used within the platform and how to interpret them?,0.5715
181,"account, trial, trial account, client",5,How can I request a new trial account for a potential client?,0.7475
179,"logs, microsoft, activity, microsoft 365",5,Why am I not seeing Microsoft 365 activity logs or Account Takeover (ATO) incidents in IRONSCALES?,0.7106
213,"false, does, detection, false negatives",5,How are false negatives in threat detection reviewed?,0.5849
194,"sso, sso certificate, certificate, application",5,What is the recommended procedure for renewing my SAML SSO certificate to avoid lockouts?,0.6515
338,"error, phishing, landing, simulation",5,"Why am I receiving a ""trademark error"" when creating or editing a phishing campaign landing page?",0.7233
112,"account, tenant, partner, deprovisioning",5,Why might duplicate tenant accounts appear after a partner account transfer to a new distributor?,0.7324
124,"account, ironscales account, domain, ironscales",5,How can I add a new domain to my Ironscales account?,0.7602
339,"dmarc, ironscales, email, email security",5,How can DMARC enforcement policies help enhance email security alongside Ironscales?,0.7717
326,"api, ironscales, ironscales api, limit",5,What is the API call throttling limit for Ironscales APIs?,0.6767
330,"information required, required, tenant, information",5,What information is required to create a new company or tenant in IRONSCALES?,0.8942
117,"confirm, details, existing, credit card",5,How do I confirm my account has been updated after purchasing a new subscription or upgrading an existing one?,0.6174
111,"license, tenant, customer, customer tenant",5,How are licenses and initial setup handled for newly provisioned customer tenants?,0.775
331,"mode, silent mode, silent, disable",5,How do I disable Silent Mode in my tenant?,0.8416
119,"mailbox, shared, 911, 911 mailbox",5,Can emails from shared mailboxes be reported to the 911 mailbox?,0.7841
342,"spf, cname, dns, validation",5,Are there alternative CNAME record formats or validation methods available if my DNS provider rejects CNAMEs containing underscores?,0.5712
334,"ironscales, api, ironscales api, documentation",5,Where can I find documentation for the available IronScales API functionalities?,0.7873
121,"tenant, portal, visible portal, requested",5,What should I do if a tenant that was previously requested for removal is still visible in my portal?,0.8059
277,"user, password, reset, user password",4,What information should be provided to support when requesting assistance with a user's password reset?,0.7273
145,"access, api, access account, account",4,How can I obtain a receipt or confirmation of a payment made for my subscription?,0.5591
438,"trial, extended, trial period, period",4,For how long can my product trial be extended?,0.7515
429,"owner, account, change, change owner",4,How can I change the primary owner of my company account if the current owner is no longer an employee or cannot access the account?,0.8662
109,"email, notification, notification email, information",4,Why does the subject or title I see after clicking a link in a Roybot notification email differ from the subject of the notification email itself?,0.6213
485,"ironscales, tenant, partner, server eu",4,Why does IRONSCALES require the domain and partner ID of the new partner for a tenant migration?,0.7393
271,"ironscales, license, ironscales tenant, tenant",4,How can I confirm if my IRONSCALES tenant is associated with a specific partner?,0.831
366,"domain, immediately, account, users",4,Why are users not syncing immediately after a domain has been added to my account?,0.6477
484,"911, mailbox, 911 mailbox, disabled",4,How can I resolve a disabled 911 mailbox?,0.8053
337,"mailbox, mailboxes, protected, active",4,"I am trying to add a mailbox (either manually or via CSV), but I receive the error ""This mailbox is already protected but not active."" How can I resolve this and make the mailbox active?",0.7073
141,"email, scan, scan feature, emails",4,"What is the typical timeframe for comprehensive analysis of email attachments, particularly those requiring sandboxing?",0.5865
319,"dmarc, spoofed, forensics, dmarc forensics",4,Where can I find information about suspected spoofed emails and their metadata in DMARC Forensics?,0.7886
424,"takeover ato, takeover, account takeover, ato",4,What action is required to enable the new Account Takeover (ATO) functionality improvements?,0.8774
255,"ironscales, does, does ironscales, domains",4,"What are the implications of enabling ""Skip All Inspections"" when allowlisting a domain in IRONSCALES?",0.7755
243,"email, 365, microsoft, verify",4,How can I determine if my email security solution or my email client (like Microsoft Outlook) is sending legitimate emails to Junk?,0.7326
343,"msp, tenant, access, visibility access",4,What are the initial troubleshooting steps for an MSP experiencing loss of visibility or access to a client tenant?,0.7567
454,"service provider, tenant, msp, provider",4,What happens after a tenant is shifted to a new Managed Service Provider (MSP)?,0.8511
341,"email integration, integration, account, email",4,Is email integration automatically configured when I sign up for a new Starter account?,0.7498
479,"email, ensure, domain, specific",4,How can I permanently whitelist a specific domain or email address to ensure emails are never marked as spam by IRONSCALES?,0.7607
450,"ato, incidents, incidents ato, ato ui",4,What caused unexpected or empty incidents to appear in the Attack Takeover (ATO) User Interface?,0.7521
232,"spam, incident, email, emails",4,What is the correct procedure for handling emails quarantined by Automated Spam Hygiene versus those handled by Incident Response modules?,0.7884
362,"report, 911, phishing, email",4,"What does the error message ""You cannot use the Report Phishing button. Please report this email via the 911 email"" indicate?",0.7983
162,"emails, incidents, unclassified incidents, unclassified",4,What was the root cause of the incident where reported campaign emails generated unclassified incidents and some users experienced SSO login issues?,0.7593
446,"subscription, license, active subscription, process",4,What is the process to cancel or deactivate an active subscription or license?,0.7679
360,"license, request, tenant, tenant license",4,What information is needed when requesting a tenant license extension?,0.8427
340,"information, subscription, cancellation, requesting",4,What information should I provide to the vendor's support team when requesting a subscription deactivation or cancellation?,0.8383
443,"dkim, dmarc, allow, spf dkim",4,"What does the ""Ignore SPF/DKIM/DMARC"" option do in the allow list settings?",0.84
26,"user, changes, reports, campaign",4,"I've updated a user's name or profile information, but it's still appearing as ""[First Name] None"" or incorrect in historical reports. When will the change reflect?",0.6142
381,"report, soc report, soc, type report",4,Where can I find or request your SOC2 Type 2 report?,0.6574
489,"new, reports, email, notifications",4,Where can I configure email notifications for new phishing reports?,0.8591
182,"domain, company, company domain, account",4,Does a typo in the 'Company Domain' field affect service functionality if my 'Allowed Domains' list is correct?,0.7269
392,"banners, bypass impersonation, bypass, allow",4,"What is the difference between ""Bypass Impersonation Banners"" and ""Skip All Inspections"" in the Allow List settings?",0.8028
398,"tag, user, mailbox, vip impersonation",4,"How can I apply the ""VIP impersonation"" tag to a user's mailbox?",0.8958
127,"ironscales, limit, starter plan, starter",4,What are the limitations of the IRONSCALES Starter Plan regarding the number of users and campaigns?,0.6444
396,"password, reset, password reset, email",4,"I requested a password reset or temporary password, but I haven't received the email. What should I do?",0.8512
497,"email, does, purpose, purpose email",4,"What does it mean to ""exempt an email element from clustering analysis,"" and does it compromise overall email security?",0.6807
204,"contact, manager, manager csm, success",4,"Who should I contact for billing, payment, or renewal inquiries, especially if my primary Customer Success Manager (CSM) is unavailable?",0.7501
216,"provide, information, information provide, support",4,What information should I provide if support cannot locate my tenant or company account?,0.7279
126,"options, microsoft, appearing, azure ad",4,"Why is a newly created Azure AD group not immediately visible for syncing in the ""Customise Sync"" section?",0.5502
283,"sat campaign, links, training sat, training",4,What is being done to prevent false clicks on Security Awareness Training (SAT) campaign links caused by Microsoft (MSFT) systems?,0.841
313,"safe, investigation tab, investigation, tab",4,"Why would an incident show a ""VIP impersonation"" tag or similar risk indicators, but also have a high ""safe"" confidence score from Themis AI?",0.6297
125,"providers, clients, managed, managed service",4,"Which API scope should I use for MSP-related activities, such as creating new companies or managing partner dashboards?",0.6322
87,"license, details, account, protect",4,How can I confirm the details of my new Email Protect purchase and license?,0.7429
386,"form, customer, sign, existing",4,"What happens if an existing customer submits a form intended for new sign-ups or trials (e.g., a ""Starter Tier"" form)?",0.7184
318,"500, error, error 500, subscriptionerror subscription",4,What does `SubscriptionError('Subscription error : 500')` mean?,0.7395
473,"siem, ironscales, logs, email",4,"Why might I see multiple entries for a single email incident from Ironscales in my SIEM logs (e.g., Splunk)?",0.7984
323,"campaign, training, check, option enabled",4,"How can I check if the ""Send a confirmation email"" option was enabled for a past training campaign, especially if certificates were not sent?",0.7486
219,"training, security, awareness, awareness training",4,What should I do if Security Awareness Training (SAT) does not appear to be active after it has been enabled for my account?,0.6577
309,"emails, clustered, incident, emails clustered",4,Why are emails that appear similar or part of the same phishing campaign sometimes not grouped together into a single incident by the system?,0.8599
377,"entries, allow, allow list, list",4,How can I retrieve or audit Allow List entries (IP addresses or domains) if a direct export option is not available?,0.6354
494,"email, registered, email email, does",4,"What does the error message ""Email [EMAIL] already registered"" signify when attempting to modify an existing customer's license or quantity via API?",0.8022
374,"ironscales, incidents, portal, ironscales portal",4,Why am I seeing a sudden high volume of unclassified or empty incidents in my IRONSCALES portal?,0.7743
131,"outlook, ai, does, adaptive",4,"Does the email client (e.g., Outlook desktop vs. Outlook Web) affect the learning accuracy of the Adaptive AI Spam Hygiene model?",0.7314
299,"training, sender, address, sender email",4,How can I customize the sender email address and display name for Awareness Training and Simulation emails?,0.8205
238,"syncing, mailboxes, tenant, users",4,Who is notified if my tenant syncs more mailboxes than the allocated license count?,0.7293
373,"ironscales, add, msi, outlook",4,"What deployment methods are recommended for the IRONSCALES Outlook Add-In MSI if it's important to display the publisher information (e.g., ""IRONSCALES"") during installation?",0.8038
296,"outlook, add, outlook add, does",4,How long does it take for an Outlook add-in reinstallation to fully complete and become functional?,0.6783
345,"client, partner, nfr, subscriptions",4,"What is the process for modifying a partner-level subscription (e.g., upgrading from Email Protect to Complete Protect NFR) during or after the transition to the Vendor Direct API?",0.6424
291,"request, happens, happens submit, submit",4,What happens after I submit an in-app request to upgrade my plan?,0.5951
463,"licenses account, licenses, account, number",4,How can I increase the number of licenses for my account?,0.9225
284,"api, 403, error, 403 error",4,Why am I getting a 403 error when performing partner or MSP-related activities via the API?,0.7743
189,"font, email, email templates, templates",4,How can I fix vertical alignment issues in my custom HTML banners or content within email digests?,0.6074
460,"sync, mailbox, sync csv, csv",4,"What does a ""504 Gateway Time-out"" error indicate when downloading the mailbox sync CSV report?",0.751
476,"include, email, body, body content",3,Can I include the email body content (or a truncated portion) in digest emails using variables in the End-User Alerts section?,0.6543
486,"tenant, request, subscription, subscription remove",3,How can I request to cancel a subscription or remove a tenant?,0.742
234,"silent mode, silent, mode, typically disabled",3,"When is ""Silent Mode"" typically disabled?",0.8158
504,"ironscales, tenant, account, ironscales tenant",3,How can I reactivate my IRONSCALES account or tenant?,0.8232
487,"mailboxes, management section, seen, section",3,"Is an old or missing ""Last Seen"" date in the Mailboxes Management section indicative of an issue?",0.6889
222,"tenant, access, access available, available",3,"What should I do if ""Presumed Safe"" access is not available for my tenant?",0.6618
492,"training, users, awareness training, awareness",3,Is it possible to dynamically add or remove users from an ongoing Security Awareness Training (SAT) campaign and have new users retroactively receive training emails?,0.7814
498,"delays, email, delays email, security",3,What factors can cause minor delays in an email security solution's detection or remediation process?,0.7297
500,"mailboxes, verify, integrated, mailboxes successfully",3,"How can I verify the active status of a shared mailbox in Microsoft 365 (Exchange Admin Center, Microsoft 365 Admin Center, Azure AD)?",0.7205
502,"period, trial, subscription, period ended",3,Why might I be charged for a subscription after a trial period has ended?,0.6661
472,"ironscales, phishing, exclude, users phishing",3,How can I exclude specific users from phishing simulation campaigns in IRONSCALES?,0.8332
428,"training, phishing, plan, simulation training",3,Is there a plan to re-enable or officially support the forwarding of reported real-world phishing emails to an external abuse mailbox for Simulation and Training license holders?,0.6932
421,"simulation, campaign, simulation campaign, organizations",3,Is the issue with copying Simulation Campaigns to different organizations a known problem?,0.8177
469,"duplicate, campaign, duplicate campaign, client",3,"Why is the ""Duplicate Campaign"" modal or pop-up not appearing when I try to duplicate a campaign?",0.8048
418,"training, campaign, training campaign, active",3,How can I manually stop training reminders for a specific user or campaign?,0.735
285,"email, office, 365 email, 911",3,"How can I enable the ""Allow 911 report on Office 365 email attachments"" feature for my tenant?",0.9042
409,"ssl, certificate, training, tls certificate",3,Why am I receiving SSL/TLS certificate errors when accessing training videos through a custom domain?,0.8287
307,"release, url, suspicious url, suspicious",3,"What kind of information or links can I expect when investigating a release denial related to a ""suspicious URL"" that was later deemed safe?",0.849
400,"mailboxes, office 365, office, 365",3,"How do I integrate and sync mailboxes, including shared mailboxes, with Office 365?",0.8655
310,"alerts, notifications, incident, recipient alerts",3,How can I customize the notification message an end-user receives when a requested release is denied or an incident is closed?,0.7002
395,"365, microsoft, microsoft 365, email",3,Does a Microsoft 365 Distribution List consume a license for email protection?,0.7498
394,"mimecast, mimecast rewritten, rewritten, original",3,Why do Mimecast-rewritten URLs not reveal the original URL?,0.7884
393,"distributor, msp account, msp, account",3,What is the procedure for managing subscriptions with the previous distributor after an MSP account transfer?,0.8531
391,"trial, ironscales, extension, extension ironscales",3,How can I request an extension for my IRONSCALES trial?,0.8686
316,"siem, logs, siem logs, configure",3,How can I test if SIEM logging is working after configuration?,0.7002
384,"dmarc, calendar, calendar invitation, invitation",3,What are the potential solutions or workarounds to prevent DMARC rejection for calendar invitation responses?,0.9041
383,"ironscales, data, investigation, investigation tab",3,What is the official data retention period for the Investigation tab in IRONSCALES?,0.7589
359,"manager, relationships, manager feature, manager relationships",3,How do I configure manager relationships in Google Workspace for the 'Notify manager' feature?,0.6333
353,"view presumed, emails, view, presumed",3,"Can Managed Service Providers (MSPs) view ""Presumed Safe"" emails for their client tenants directly from the partner dashboard?",0.8602
420,"trained, count, awareness, security awareness",3,"Why do the participant counts in my security awareness training campaign results (e.g., Trained, Not Trained, Unopened) not sum up to the total number of participants?",0.7896
506,"ironscales, mailboxes, number, license",3,"How is the number of active licenses displayed in IronScales, especially when some mailboxes might be unprotected?",0.8357
423,"subscription, tenant, actions, actions taken",3,What actions are taken when a subscription or tenant cancellation is processed?,0.7501
459,"outlook, ironscales, ironscales adaptive, adaptive",3,"How does IRONSCALES Adaptive AI learn from user feedback, specifically when clicking the Microsoft ""It's Not Junk"" button in Outlook?",0.8864
433,"ironscales, training, available, fraud",3,Does Ironscales offer security awareness training or simulation campaigns specifically for fraud scenarios?,0.7654
468,"new, account, domain, information",3,What information is needed when requesting a primary domain change for my account?,0.8436
436,"dashboard, views available, views, available",3,Where can I find previous dashboard or report views that may have been available in the console?,0.6591
467,"integration, standard integration, advanced integration, completed",3,"What should I do if I encounter an ""integration already exists"" error when trying to re-establish an integration?",0.6716
465,"tenant, successfully, account, confirm",3,How can I confirm if a tenant or account cancellation has been successfully processed?,0.8133
462,"google, 911, 911 mailbox, mailbox",3,Should the 911 Mailbox be included in O365 or Google group syncs?,0.696
448,"provide, email, information, information provide",3,What information should I provide when seeking assistance for a falsely reported or blocked email?,0.7796
282,"365, integration, office 365, office",3,What administrative permissions are typically required to integrate with Office 365 (Microsoft 365)?,0.6721
453,"subscription, continue, continue receive, payment",3,What information should I provide if I continue to receive payment reminders after my subscription is active?,0.7227
458,"feature, requests, feature requests, new",3,What is the estimated time for new feature requests to be implemented?,0.7567
452,"total available, total, available license, count",2,Why does the Home Dashboard not display my total available license count?,0.8125
442,"attachments, download attachments, download, quarantined messages",2,How do I enable the feature that allows administrators to download attachments?,0.7148
439,"quarantine, quarantine reports, time, reports",2,What is the typical time that daily quarantine reports are sent out?,0.704
437,"partner, ironscales, mssp, partner dashboard",2,"I have multiple IRONSCALES accounts (e.g., training, partner portal, welcome email link). Do they all use the same login credentials?",0.6607
414,"mode, access, access mailboxes, mailboxes",2,"My newly migrated tenants appear in ""Silent Mode"" or ""Ghost Mode"" and I cannot access mailboxes. What should I do?",0.8156
470,"vendor failed, provisioning, acknowledge provision, error",2,"What does the error ""Vendor failed to acknowledge provision request"" mean during an order provisioning attempt?",0.9474
